source,receptor,score
Astrocytes,Lrp1,1.8192341743043656
Astrocytes,Sorl1,1.6061995100646433
Astrocytes,Ldlr,0.5066378272572685
Astrocytes,Vldlr,0.4412077267573161
OPCs,Lrp1,1.1105738123268243
OPCs,Sorl1,0.9805241889390378
OPCs,Ldlr,0.3092832749259625
OPCs,Vldlr,0.269340667657745
Microglia,Lrp1,0.5506601614269667
Microglia,Sorl1,0.48617714749906393
Microglia,Ldlr,0.15335313709636794
Microglia,Vldlr,0.13354823775334446
Oligodendrocytes,Lrp1,0.5837548995588824
Oligodendrocytes,Sorl1,0.5153964491832611
Oligodendrocytes,Ldlr,0.16256967802200956
Oligodendrocytes,Vldlr,0.14157450198312374
fold,"Trem2-Tyrobp
(MG→Neuron)",2.89
fold,"Csf1-Csf1r
(Astro→Neuron)",5.16
fold,"Apoe-Sorl1
(MG→Neuron)",3.22
fold,"Apoe-Lrp1
(MG→Neuron)",3.21
fold,"Csf1-Csf1r
(Oligo→Neuron)",3.34
