gene,log2fc,pval,padj
Magi2,4.9711576,6.389624810284604e-15,1.638555386349384e-10
Mdga2,5.0792875,1.073362609220216e-12,2.752531075084322e-08
Fgf14,4.2642927,1.073362609220216e-12,2.752531075084322e-08
Lsamp,4.176718,1.1774632768120486e-12,3.0194868270568175e-08
Nlgn1,4.738602,2.873194170916045e-12,7.368019131897106e-08
Cadm2,4.199746,5.531467249157569e-12,1.418489461373967e-07
Pcdh9,3.519793,6.6576683457818184e-12,1.7072924705922895e-07
Nrxn3,4.8504553,6.6847881898194564e-12,1.7142470833973013e-07
Apoe,3.0284836,7.535380191095883e-12,1.9323728962046282e-07
Nrxn1,4.0957108,8.491761858547548e-12,2.1776274110059334e-07
Adgrb3,4.808353,9.820989433790873e-12,2.5184945304013316e-07
Rora,4.588246,1.62832889341793e-11,4.1756866142809396e-07
Grid2,3.852488,4.6450512209217283e-11,1.1911769350931681e-06
Lrp1b,3.6594326,6.852351040313117e-11,1.7572169007778958e-06
Lrrc4c,3.9004827,1.6268134956917592e-10,4.171800528351947e-06
Ctnna2,4.57255,2.387689196214176e-10,6.122990174771633e-06
Rims2,5.8724027,2.465278394213857e-10,6.321959914122014e-06
Auts2,4.651409,2.493246455188646e-10,6.393681209685763e-06
Ntm,5.0837975,2.9463617537700266e-10,7.555650081367856e-06
Macrod2,5.033165,3.558294258639025e-10,9.124889796853915e-06
Negr1,4.2976623,3.8264014490459517e-10,9.812423875933438e-06
Gria2,4.7003064,8.735671567702325e-10,2.2401756168215843e-05
Csmd1,5.4471006,9.277276085786186e-10,2.3790646794390095e-05
Fam155a,5.180553,1.0498553434274858e-09,2.6922490426854445e-05
Adgrl3,4.9744606,1.1705300936736424e-09,3.0017073722166884e-05
Dlg2,4.2057095,1.213682394528607e-09,3.11236713252916e-05
Ctnnd2,2.8941715,1.5070924731107374e-09,3.864787938045175e-05
Kcnd2,4.858589,1.8492549539924306e-09,4.742229404018189e-05
Gria4,3.9157965,2.137223986732694e-09,5.480697191577321e-05
Gabrb1,6.896904,2.164067531456004e-09,5.549534777665777e-05
Il1rapl1,4.516169,2.164067531456004e-09,5.549534777665777e-05
Pcdh7,4.937561,2.8050073363351587e-09,7.193160813297882e-05
Ncam1,4.4842563,4.340743727837939e-09,0.0001113140321566761
Syne1,5.792094,5.4841947598436955e-09,0.00014063669042143172
Ptprd,3.1687703,8.136286535108086e-09,0.00020864693190631174
Dlgap1,4.942272,1.8879138784993545e-08,0.0004841366350023745
Trpm3,5.1201158,3.186760063818807e-08,0.0008172127507656948
Dpp6,4.2763586,3.4784095120229117e-08,0.0008920033352631555
Snhg11,3.460492,3.7339022213395904e-08,0.0009575218856403246
Meg3,2.9228778,3.9292892815193216e-08,0.0010076269433528149
Sgcz,4.274788,4.100775291845326e-08,0.0010516028158408155
Nrg3,4.403998,4.599325515019239e-08,0.0011794510350715335
Trps1,3.5287406,4.8860909171508684e-08,0.0012529891547941687
Dmd,4.3958774,5.1228954653982254e-08,0.0013137153131467208
Cntn1,4.3504105,5.4147096298365284e-08,0.0013885481374752793
Pclo,6.09849,5.4323678220965684e-08,0.001393076404298444
Robo1,4.5889797,5.557547213613449e-08,0.0014251774074590328
Fgf12,5.5981326,5.6670648650642726e-08,0.001453262113997082
Pde4b,3.050905,6.708016030612818e-08,0.001720203630890351
Plcb1,5.3559337,6.795348111403148e-08,0.0017425990696882231
Alcam,5.2866316,6.928414697209084e-08,0.0017767226649522975
Mir100hg,6.7523766,7.39044893224389e-08,0.0018952067241846233
Cntnap2,3.51705,1.0008684187433623e-07,0.002566626973025478
Ppp2r2b,5.2329698,1.0251219703656364e-07,0.0026288227808056383
Hivep2,2.3482566,1.1101450320393098e-07,0.002846855920161606
Opcml,4.9188576,1.1924704481460798e-07,0.003057971217225807
4930402H24Rik,2.6210263,1.345100451964567e-07,0.0034493755990179357
Ttc3,1.7456905,1.5923931029044868e-07,0.004083532873088266
Lhfpl3,5.279481,1.6074900600325518e-07,0.004122247509947476
B3galt1,5.8607635,1.6227253761053936e-07,0.004161316954484672
Itsn1,5.6289363,1.6903739009219537e-07,0.004334794831524258
Sptbn1,3.3091352,1.7063680135665345e-07,0.004375810133990021
Tnik,4.675048,1.717111937815094e-07,0.004403361853333027
Prkg1,2.7770581,1.8111144792706413e-07,0.004644421970641632
Ube2e2,3.3235414,1.880444378774052e-07,0.004822211564928179
Ptprg,4.230222,1.8863362874962185e-07,0.004837320775655303
Ncam2,4.3169417,1.910082873029804e-07,0.004898216519597629
Robo2,5.9714193,2.3571838647999194e-07,0.006044762302892913
Scg5,3.8925076,2.5275339894214075e-07,0.006481608162472258
Nebl,5.5846195,2.6110434733210523e-07,0.006695759882984507
Ccser1,4.9373713,3.1660748131229225e-07,0.008119082250772423
Ank3,3.7615736,4.1065274336860437e-07,0.010530778950944491
Mgat4c,5.093361,4.437734124015499e-07,0.011380125387625345
A330023F24Rik,2.6908882,4.942025205566278e-07,0.012673329437154164
Grm7,4.1718297,5.202667686822964e-07,0.01334172101608881
Map1b,3.1844926,5.226291565983544e-07,0.013402302091808201
Ralyl,6.8508654,5.62710702502736e-07,0.014430153254980161
Grm5,3.7882376,5.834081491782623e-07,0.01496091857752736
Anks1b,4.035286,6.121491045251811e-07,0.015697951636443747
Myo5a,2.0928597,7.004890490889332e-07,0.0179633411748366
Atp1b1,2.2902884,7.570007313350927e-07,0.019412526754357118
Map2,3.6417727,8.203251541002176e-07,0.021036418251745983
Tenm4,29.296759,8.52605296843185e-07,0.021864210232246637
Galnt13,5.4912853,8.576787985132021e-07,0.021994315109072557
Cadps,3.9263463,8.653436013217985e-07,0.0221908713122962
Kirrel3,4.445126,8.861069280394185e-07,0.022723326062642848
Bicd1,4.0880947,9.073495548630662e-07,0.02326807198490847
Ahi1,4.394166,9.154412650074388e-07,0.02347557579985076
Cdc42bpa,2.2726345,9.457094631080958e-07,0.02425177347194401
Asic2,5.2238307,9.900002100833804e-07,0.025387565387378207
Sgip1,3.139261,1.0091620946250808e-06,0.025878952754565573
App,1.7023559,1.0362842217571388e-06,0.026574472582740066
Nrg1,3.9983542,1.1219256603319434e-06,0.02877066163355236
Cacna1a,2.7990053,1.1485823451841536e-06,0.029454245659902435
Lrrc7,4.952872,1.261432299065061e-06,0.03234816987722443
Pcsk2,5.3451624,1.3045352838104237e-06,0.033453502818034504
Snhg14,3.688895,1.3179323868175861e-06,0.03379705812755018
Kcnip4,3.5920837,1.3470874989238791e-06,0.034544711822403956
Malat1,0.12787676,1.3569429814795585e-06,0.034797445817061796
Plcb4,4.3510165,1.395030053669789e-06,0.03577415069630807
Dcc,4.6490526,1.421679744623806e-06,0.03645755537113288
Ank2,1.025875,1.5354831540401242e-06,0.03937593000220495
Tenm2,5.2687693,1.6436879198159908e-06,0.04215073301576127
A230057D06Rik,3.6746087,1.648451277003679e-06,0.04227288454748235
Mapk10,4.2337976,1.71159514668474e-06,0.04389214594158347
Grik2,3.0492551,1.7364949100695088e-06,0.04453067547382248
Erc2,5.3319902,1.8716880879037915e-06,0.04799756932620483
Il6ra,-1.461097,1.9125290731133735e-06,0.04904489555091935
Cfh,-1.2218217,1.6676377270103252e-06,0.04276490187145278
Slc12a6,-1.168555,1.5783743497773935e-06,0.04047583182569148
Frmd4b,-1.1504011,1.5715263149977458e-06,0.04030022082180219
Pnpla7,-1.4067914,1.5265973142785234e-06,0.03914806152735845
Rap1gds1,-1.119029,1.4362316595425035e-06,0.03683072467730796
Hk2,-1.5536461,1.339252716087064e-06,0.03434379665133667
Kctd12,-1.637371,1.2232764353746507e-06,0.03136970090874754
Atp6v0b,-1.0156186,1.1792995727379792e-06,0.030241958243292736
Cd53,-1.5768896,9.626231438287035e-07,0.02468550790034327
Diaph2,-1.0842849,9.086933739858791e-07,0.023302532882493884
Tbxas1,-1.469974,8.463040532794846e-07,0.0217026211422991
Ubash3b,-1.350939,7.004890490889332e-07,0.0179633411748366
Bin2,-1.6734574,6.963145515705287e-07,0.01785629036047464
Golm1,-1.6952403,6.393706828727294e-07,0.016396021791588274
Tbc1d5,-1.0592105,5.686731811141758e-07,0.014583055056491923
Frmd4a,-0.99648994,4.88255316306302e-07,0.01252081933135881
Anxa3,-1.7925918,4.5606702196931997e-07,0.011695382711381241
Fermt3,-1.6574208,4.539955203043551e-07,0.011642261122684882
Inpp4b,-1.1946471,4.175882233228426e-07,0.010708632398890977
Fcrls,-1.4620798,3.8872328205682553e-07,0.009968419845065234
Ints6l,-1.3978268,3.793436849232834e-07,0.00972788945617268
Abca9,-1.4814517,3.4081415305541244e-07,0.008739838140952997
Ifngr1,-1.718272,3.3051843225877894e-07,0.008475814676844128
Abhd12,-1.2155833,3.2900020738965e-07,0.008436881318300183
F11r,-1.692894,2.80338452796222e-07,0.007188999283506317
Ctsz,-1.383611,2.7604411363242277e-07,0.007078875249989849
Pros1,-1.7638152,2.7307595160381753e-07,0.007002759702928297
Cttnbp2nl,-1.5056012,2.3718652584407475e-07,0.006082411268745453
Pou2f2,-1.5234836,1.8026239754140958e-07,0.004622648922551907
Sall1,-1.7452672,1.7607453828819416e-07,0.004515255459862451
Capn3,-1.6366156,1.6381002725326836e-07,0.0042007443388828135
Jmjd1c,-0.99298483,1.5626094310475805e-07,0.0040071556249784155
Scoc,-1.6410404,1.248622309040626e-07,0.003201967049303781
Ctsl,-1.4074532,8.446294437199445e-08,0.0021659677454754257
Fcgr3,-1.850746,8.298395720752404e-08,0.0021280405986297463
Nek7,-1.5766817,7.402373867871344e-08,0.0018982647546769273
Fam102b,-1.8398597,7.237107866058513e-08,0.001855883941172045
Nrip1,-1.6210506,4.8940770025582004e-08,0.0012550371065360249
8030442B05Rik,-2.0891078,4.791237718339704e-08,0.0012286650004910337
Git2,-1.516266,4.659911912002899e-08,0.0011949878107140235
Fchsd2,-1.1493577,4.0605688760144155e-08,0.0010412922825651367
Ptprc,-1.4127815,3.9292892815193216e-08,0.0010076269433528149
Grn,-1.6217964,3.6850296943247986e-08,0.0009449890148126514
Lrmda,-1.3717915,2.323750921320445e-08,0.000595902686263415
Cyth4,-1.7826539,1.859574449914806e-08,0.00047686927193615284
Wasf2,-1.5583942,1.7980689499387975e-08,0.0004610968015223052
Itga6,-1.6617959,1.3400551501698241e-08,0.0003436437427095497
Pik3r1,-1.5960482,1.2101630576134868e-08,0.00031033421449440255
Blnk,-1.8715254,1.2060511414832539e-08,0.0003092797547219656
Ankrd44,-1.3829095,1.1459775859716955e-08,0.0002938744921465816
Phyhd1,-1.7548923,1.1420777668655282e-08,0.000292874422534996
0610040J01Rik,-1.7272084,1.1037821812805855e-08,0.0002830539025675933
P3h2,-1.8148493,8.0943902453824e-09,0.0002075725434525863
Rreb1,-1.3944914,7.426234519944158e-09,0.000190438358029448
Maf,-1.4861937,7.088057964976672e-09,0.00018176615845386177
Snx29,-1.3071517,4.914162936055946e-09,0.00012601879433221867
Arhgap22,-1.5789964,4.712538126447992e-09,0.00012084832771463232
Foxn3,-1.1781591,4.34834850251352e-09,0.00011150904899845672
Fyb,-1.513755,3.0752252811411775e-09,7.886107710958436e-05
AU020206,-1.7072788,2.9894898076618267e-09,7.666247662767989e-05
Gtf2h2,-1.7433107,2.5129488376599556e-09,6.44420599929519e-05
Slc16a6,-2.1649837,2.0845065044477233e-09,5.3455084800057414e-05
Fli1,-1.5894434,1.5566851455323196e-09,3.99196338720308e-05
Zeb2,-1.46311,8.346018615327896e-10,2.1402530137146854e-05
Dock2,-1.4672531,5.224814054672224e-10,1.3398513161801451e-05
Slc8a1,-1.2692105,4.505857830764303e-10,1.1554821821211979e-05
Lhfpl2,-1.9677846,4.121844953616003e-10,1.0570059199052878e-05
Gm10790,-1.9132463,3.741872980290516e-10,9.595659070657e-06
Col27a1,-2.0500746,2.864727403756489e-10,7.3463069541931395e-06
Rasgrp3,-1.8359281,2.00742296951561e-10,5.14783546302583e-06
Fgd2,-1.9025736,1.6961666318373374e-10,4.349649710683668e-06
Dock8,-1.6133043,1.4963194078130258e-10,3.8371614893957235e-06
Il10ra,-2.0867667,1.3398331184644145e-10,3.435868048990145e-06
Laptm5,-1.7258403,9.658517707740914e-11,2.47683028097308e-06
Chn2,-1.8566852,9.621478826275764e-11,2.467332030210157e-06
Itm2b,-1.2602875,5.890591115336627e-11,1.5105831856169247e-06
Gab2,-1.4333491,4.229154154221207e-11,1.0845242913084863e-06
Ophn1,-1.4874067,2.8215421212157384e-11,7.23556261564564e-07
Trem2,-1.6799078,2.1515475223985914e-11,5.517428466438948e-07
Mgat4a,-1.9683944,1.6744594377721006e-11,4.293983782222775e-07
Chd9,-1.2223034,1.4853496992382295e-11,3.809030768726516e-07
Dennd4a,-1.4955654,9.58609916397913e-12,2.458259269610808e-07
Wnk1,-1.3888434,8.18802936617312e-12,2.099738250661435e-07
Pag1,-1.5867168,8.105565596674772e-12,2.0785912416112786e-07
Atp8a2,-1.6927011,7.004554512563566e-12,1.7962479592018009e-07
Plcl2,-1.6362944,6.891666977883884e-12,1.767299079808543e-07
Ddx5,-1.2603647,5.7266148909991505e-12,1.4685331226478223e-07
Bin1,-1.7981209,5.453020488148541e-12,1.3983725739808118e-07
Pld4,-1.7537361,5.310216238318782e-12,1.3617518521544685e-07
Marcks,-1.6414977,4.823858720860974e-12,1.2370303303775882e-07
St3gal6,-1.8914173,2.5908676748914585e-12,6.644021065491656e-08
Agmo,-1.9508039,2.3358004306346898e-12,5.989926624319598e-08
Qk,-1.4153202,2.2315320008806002e-12,5.722540663058211e-08
Lyn,-1.6187799,1.6776792523826844e-12,4.302240674810156e-08
Slc9a9,-1.6035792,1.1924053750002497e-12,3.057804343650641e-08
Csf3r,-1.8184947,1.0377929302279307e-12,2.6613161902765055e-08
Lair1,-1.7556628,6.641119847365735e-13,1.703048773658469e-08
Fam49b,-1.4351385,5.845483860618304e-13,1.499015881216958e-08
Dip2b,-1.6671705,3.2515273697026367e-13,8.338216786865442e-09
Bmp2k,-1.8388503,2.7722223902130004e-13,7.109087097462218e-09
Gm2629,-2.1481786,2.5704057922363557e-13,6.591548613610911e-09
Plcl1,-1.7457662,1.3959066872501868e-13,3.579663108784379e-09
4933406I18Rik,-1.8601955,1.1769386546564506e-13,3.018141486001002e-09
Itgam,-2.1457987,7.126750209680812e-14,1.8275838237705474e-09
Arhgap45,-1.8566253,2.984851036865837e-14,7.654351998938752e-10
Arhgap5,-1.7175063,2.886110735071054e-14,7.40114236901621e-10
Runx1,-1.9268036,2.7656408392692137e-14,7.092209368221972e-10
Adap2,-1.9651777,2.6740390821822367e-14,6.857305822348127e-10
Pip4k2a,-1.7364042,2.1017748274033804e-14,5.389791367393229e-10
Dleu2,-1.7907016,1.1956895718738937e-14,3.066226338113413e-10
Rapgef5,-1.927147,6.988373340300109e-15,1.79209845938656e-10
Itgb5,-1.9240721,4.914183366238177e-15,1.2601931824381182e-10
Maml3,-1.6871855,4.835424737212487e-15,1.2399963196107702e-10
Mef2c,-1.7572688,3.0922745114718153e-15,7.929828757218323e-11
Lpcat2,-1.93674,2.47287931801953e-15,6.341451723129284e-11
E230029C05Rik,-1.9849921,2.2263048871706397e-15,5.709136252660389e-11
Ssh2,-1.5290068,1.737160033144622e-15,4.4547731889960687e-11
Ccnd3,-1.9228826,1.466978424780011e-15,3.76191947250586e-11
Mbnl1,-1.5199678,1.1868363517800363e-15,3.043523140504725e-11
Entpd1,-2.2530043,7.901208873671593e-16,2.0261860035643433e-11
Ikzf1,-2.0277066,5.80010100951143e-16,1.487377902879111e-11
Apbb1ip,-1.9307559,3.4264271284782163e-16,8.786729728269537e-12
Zfp710,-1.9773315,1.7391054141302886e-16,4.459761923995712e-12
Tmcc3,-1.7521442,1.672902506827023e-16,4.2899911885072175e-12
Hpgds,-2.1951146,4.222494236187718e-17,1.0828164219279784e-12
Unc93b1,-1.991745,3.630668330685925e-17,9.310485867210987e-13
Otulinl,-2.3070424,4.5111337728611134e-18,1.156835144712504e-13
Gpr34,-2.3131618,2.1643183357839616e-18,5.550177940284391e-14
Slco2b1,-2.2709231,5.72495959197344e-19,1.468108637765669e-14
Vsir,-2.3101966,3.5904843587019365e-19,9.207438089455246e-15
Picalm,-1.8893499,3.4607331015892937e-19,8.874703965715584e-15
Csmd3,-1.8021111,2.3243895258533217e-19,5.960664500098258e-15
Sirpa,-2.104007,7.626693998768326e-20,1.9557894090441494e-15
Nav3,-1.8763077,6.322122440498885e-20,1.6212450786415342e-15
Sparc,-2.1598136,4.99100248390686e-20,1.2798926769730751e-15
Dock10,-1.9139757,2.153182198829032e-20,5.52162043067717e-16
Ly86,-2.312956,4.442519431462542e-21,1.1392396830042544e-16
Tmem119,-2.7331245,1.1512249200671788e-21,2.9522011850202735e-17
Numb,-2.1361911,3.32460680905829e-22,8.525621701149078e-18
Dock4,-1.9080448,7.395089037345168e-23,1.896396632736795e-18
Inpp5d,-2.3105583,7.530055370203516e-24,1.9310073991349897e-19
Epb41l2,-2.293698,6.0876746747959436e-24,1.5611232936046717e-19
Elmo1,-2.1498275,5.47277555453963e-24,1.4034385632061426e-19
Ldlrad4,-2.1159778,5.127721428268678e-24,1.3149528830652197e-19
Pde3b,-2.2625692,1.788176548677754e-24,4.5855999414292326e-20
Plxdc2,-2.5656106,1.6297814486358711e-24,4.179411546881828e-20
Cx3cr1,-2.0516033,2.2813003344642616e-25,5.8501665777001525e-21
Mef2a,-1.9966183,6.948938664757003e-26,1.7819858311902858e-21
Ctss,-2.9057727,2.9330128833336417e-26,7.521418238020791e-22
Cd81,-2.2172801,1.9824971532591705e-26,5.083915699817817e-22
Serinc3,-2.2079983,1.717784218586993e-26,4.405085850144485e-22
Mertk,-2.5204935,1.717784218586993e-26,4.405085850144485e-22
Nav2,-2.299751,1.5210253272122668e-26,3.900517349103137e-22
C1qb,-2.702336,1.029036737966931e-26,2.638861810842398e-22
Ctsd,-2.6241887,4.6036810663960535e-27,1.180567972666604e-22
Ivns1abp,-2.4186637,1.398697042784756e-27,3.586818696517228e-23
Zfhx3,-2.302499,6.193290619636424e-28,1.5882074464995646e-23
Srgap2,-2.3667731,3.6783431822269054e-29,9.432743256502677e-25
Tanc2,-2.086903,1.7846874989284107e-29,4.576652622252017e-25
Csf1r,-2.6444018,6.270960102038859e-31,1.608125008566845e-26
Tgfbr1,-2.7884061,1.7608846953996993e-31,4.515612712882989e-27
Lgmn,-2.6438856,1.0400277204570496e-32,2.667047086340058e-28
C1qc,-3.0187607,1.2739454967426547e-33,3.266905831846864e-29
Cst3,-2.9515316,1.1084526024964726e-37,2.8425158538419545e-33
P2ry12,-2.3847785,4.517639055684245e-38,1.1585033594396678e-33
Olfml3,-4.0608177,4.269504571166787e-38,1.0948717522300108e-33
C1qa,-3.3815353,2.6556848220778174e-41,6.810238157736355e-37
Hexb,-3.4963481,2.3734074727583392e-52,6.086366123141485e-48
Siglech,-3.949611,1.2294932675154653e-53,3.152912535216659e-49
Selplg,-3.9099905,9.645125120012478e-54,2.4733958857759997e-49
