sample,sex,surgery,tp,n,dam_mean,damlike%,homeo%,apoe_mean
GSM4960303,Male,Naive,naive,7284,-1.718938,25.343218012081277,31.24656781987919,0.9901507
GSM4960304,Male,Naive,naive,8911,-1.7586395,24.048928290876447,35.95556054314892,1.1502703
GSM4960305,Female,Naive,naive,9948,-1.7186016,28.900281463610778,34.40892641737033,1.3405201
GSM4960306,Female,Naive,naive,8353,-1.5572025,41.8891416257632,21.76463546031366,1.6196471
GSM4960307,Male,SNI,3d,8669,-1.5322315,45.36855461991002,15.49198292767332,0.8794999
GSM4960308,Male,SNI,3d,12481,-1.7354069,24.869802099190768,30.43025398605881,0.9750918
GSM4960309,Female,SNI,3d,6558,-1.7908771,20.524550167734066,39.829216224458676,1.1692771
GSM4960311,Male,Sham,3d,4640,-1.6439484,34.78448275862069,29.267241379310345,1.0337498
GSM4960312,Male,Sham,3d,8440,-1.8103888,19.881516587677726,41.7654028436019,1.1358563
GSM4960313,Female,Sham,3d,7702,-1.791853,23.136847572059203,43.079719553362764,1.4340451
GSM4960315,Male,SNI,14d,10521,-1.6617259,31.964642144282863,30.805056553559545,1.8403198
GSM4960316,Female,SNI,14d,9586,-1.6647156,30.627999165449616,31.504277070728143,2.168404
GSM4960319,Male,SNI,14d,8956,-1.6078607,37.00312639571237,25.692273336310855,1.9762912
GSM4960320,Female,SNI,14d,8111,-1.56255,39.26766120083837,19.50437677228455,2.0515826
GSM4960317,Male,Sham,14d,9978,-1.6944078,28.452595710563237,30.667468430547203,1.0906432
GSM4960318,Female,Sham,14d,6998,-1.7998838,21.377536438982567,45.45584452700771,1.2903056
GSM4960321,Male,Sham,14d,6195,-1.8222011,20.7909604519774,44.987893462469735,1.1805216
GSM4960322,Female,Sham,14d,8687,-1.7046757,26.349717969379533,31.460803499481983,1.3175004
GSM4960323,Male,SNI,5mo,12111,-1.6055118,32.79663116175377,24.250681198910083,1.5757098
GSM4960324,Male,SNI,5mo,6297,-1.5782828,34.04795934572019,23.138002223280925,1.9176334
GSM4960327,Female,SNI,5mo,8283,-1.487667,42.09827357237716,15.308463117228058,1.6623341
GSM4960328,Female,SNI,5mo,10140,-1.5052475,40.91715976331361,20.69033530571992,1.9832327
GSM4960325,Male,Sham,5mo,10481,-1.7339803,22.29749069745253,33.48917088064116,0.67791194
GSM4960326,Male,Sham,5mo,10316,-1.7280947,23.342380767739435,31.591702210158978,0.9163663
GSM4960329,Female,Sham,5mo,6483,-1.603666,35.616227055375596,21.61036557149468,0.72248864
GSM4960330,Female,Sham,5mo,7863,-1.7286421,23.680529060155155,34.1854254101488,1.0034037
