sample,dataset,method,pct
CFA1,"GSE285766 (CFA, trigeminal)",Label,42.028985507246375
CFA1,"GSE285766 (CFA, trigeminal)",Top 25%,40.57971014492754
CFA1,"GSE285766 (CFA, trigeminal)",k-means 2C,40.57971014492754
CFA2,"GSE285766 (CFA, trigeminal)",Label,36.206896551724135
CFA2,"GSE285766 (CFA, trigeminal)",Top 25%,28.160919540229884
CFA2,"GSE285766 (CFA, trigeminal)",k-means 2C,31.03448275862069
CON1,"GSE285766 (CFA, trigeminal)",Label,30.53435114503817
CON1,"GSE285766 (CFA, trigeminal)",Top 25%,27.480916030534353
CON1,"GSE285766 (CFA, trigeminal)",k-means 2C,27.480916030534353
CON2,"GSE285766 (CFA, trigeminal)",Label,25.555555555555554
CON2,"GSE285766 (CFA, trigeminal)",Top 25%,22.22222222222222
CON2,"GSE285766 (CFA, trigeminal)",k-means 2C,23.333333333333332
TB1,"GSE285766 (CFA, trigeminal)",Label,23.599999999999998
TB1,"GSE285766 (CFA, trigeminal)",Top 25%,17.599999999999998
TB1,"GSE285766 (CFA, trigeminal)",k-means 2C,19.6
TB2,"GSE285766 (CFA, trigeminal)",Label,30.128205128205128
TB2,"GSE285766 (CFA, trigeminal)",Top 25%,26.282051282051285
TB2,"GSE285766 (CFA, trigeminal)",k-means 2C,27.564102564102566
GSM4960303,"GSE162807 (SNI, spinal)",Label,25.343218012081277
GSM4960303,"GSE162807 (SNI, spinal)",Top 25%,19.906644700713894
GSM4960303,"GSE162807 (SNI, spinal)",k-means 2C,20.840197693574957
GSM4960304,"GSE162807 (SNI, spinal)",Label,24.048928290876447
GSM4960304,"GSE162807 (SNI, spinal)",Top 25%,19.548872180451127
GSM4960304,"GSE162807 (SNI, spinal)",k-means 2C,20.457861070586915
GSM4960305,"GSE162807 (SNI, spinal)",Label,28.900281463610778
GSM4960305,"GSE162807 (SNI, spinal)",Top 25%,24.165661439485323
GSM4960305,"GSE162807 (SNI, spinal)",k-means 2C,25.03015681544029
GSM4960306,"GSE162807 (SNI, spinal)",Label,41.8891416257632
GSM4960306,"GSE162807 (SNI, spinal)",Top 25%,36.03495750029929
GSM4960306,"GSE162807 (SNI, spinal)",k-means 2C,37.04058422123788
GSM4960307,"GSE162807 (SNI, spinal)",Label,45.36855461991002
GSM4960307,"GSE162807 (SNI, spinal)",Top 25%,37.68600761333487
GSM4960307,"GSE162807 (SNI, spinal)",k-means 2C,39.13946245241666
GSM4960308,"GSE162807 (SNI, spinal)",Label,24.869802099190768
GSM4960308,"GSE162807 (SNI, spinal)",Top 25%,19.717971316400927
GSM4960308,"GSE162807 (SNI, spinal)",k-means 2C,20.87172502203349
GSM4960309,"GSE162807 (SNI, spinal)",Label,20.524550167734066
GSM4960309,"GSE162807 (SNI, spinal)",Top 25%,16.956389143031412
GSM4960309,"GSE162807 (SNI, spinal)",k-means 2C,17.764562366575177
GSM4960311,"GSE162807 (SNI, spinal)",Label,34.78448275862069
GSM4960311,"GSE162807 (SNI, spinal)",Top 25%,30.04310344827586
GSM4960311,"GSE162807 (SNI, spinal)",k-means 2C,30.905172413793103
GSM4960312,"GSE162807 (SNI, spinal)",Label,19.881516587677726
GSM4960312,"GSE162807 (SNI, spinal)",Top 25%,15.924170616113745
GSM4960312,"GSE162807 (SNI, spinal)",k-means 2C,16.635071090047393
GSM4960313,"GSE162807 (SNI, spinal)",Label,23.136847572059203
GSM4960313,"GSE162807 (SNI, spinal)",Top 25%,19.189820825759544
GSM4960313,"GSE162807 (SNI, spinal)",k-means 2C,19.955855621916385
GSM4960315,"GSE162807 (SNI, spinal)",Label,31.964642144282863
GSM4960315,"GSE162807 (SNI, spinal)",Top 25%,27.28828058169376
GSM4960315,"GSE162807 (SNI, spinal)",k-means 2C,28.105693375154456
GSM4960316,"GSE162807 (SNI, spinal)",Label,30.627999165449616
GSM4960316,"GSE162807 (SNI, spinal)",Top 25%,26.309200918005427
GSM4960316,"GSE162807 (SNI, spinal)",k-means 2C,27.175046943459215
GSM4960317,"GSE162807 (SNI, spinal)",Label,28.452595710563237
GSM4960317,"GSE162807 (SNI, spinal)",Top 25%,23.60192423331329
GSM4960317,"GSE162807 (SNI, spinal)",k-means 2C,24.453798356384045
GSM4960318,"GSE162807 (SNI, spinal)",Label,21.377536438982567
GSM4960318,"GSE162807 (SNI, spinal)",Top 25%,18.090883109459845
GSM4960318,"GSE162807 (SNI, spinal)",k-means 2C,18.633895398685336
GSM4960319,"GSE162807 (SNI, spinal)",Label,37.00312639571237
GSM4960319,"GSE162807 (SNI, spinal)",Top 25%,31.598928092898614
GSM4960319,"GSE162807 (SNI, spinal)",k-means 2C,32.73782938811969
GSM4960320,"GSE162807 (SNI, spinal)",Label,39.26766120083837
GSM4960320,"GSE162807 (SNI, spinal)",Top 25%,33.349771914683764
GSM4960320,"GSE162807 (SNI, spinal)",k-means 2C,34.631981260017255
GSM4960321,"GSE162807 (SNI, spinal)",Label,20.7909604519774
GSM4960321,"GSE162807 (SNI, spinal)",Top 25%,17.304277643260694
GSM4960321,"GSE162807 (SNI, spinal)",k-means 2C,17.966101694915253
GSM4960322,"GSE162807 (SNI, spinal)",Label,26.349717969379533
GSM4960322,"GSE162807 (SNI, spinal)",Top 25%,21.791182226315183
GSM4960322,"GSE162807 (SNI, spinal)",k-means 2C,22.631518360768965
GSM4960323,"GSE162807 (SNI, spinal)",Label,32.79663116175377
GSM4960323,"GSE162807 (SNI, spinal)",Top 25%,27.71034596647676
GSM4960323,"GSE162807 (SNI, spinal)",k-means 2C,28.602097266947403
GSM4960324,"GSE162807 (SNI, spinal)",Label,34.04795934572019
GSM4960324,"GSE162807 (SNI, spinal)",Top 25%,28.39447355883754
GSM4960324,"GSE162807 (SNI, spinal)",k-means 2C,29.267905351754802
GSM4960325,"GSE162807 (SNI, spinal)",Label,22.29749069745253
GSM4960325,"GSE162807 (SNI, spinal)",Top 25%,17.670069649842574
GSM4960325,"GSE162807 (SNI, spinal)",k-means 2C,18.366568075565308
GSM4960326,"GSE162807 (SNI, spinal)",Label,23.342380767739435
GSM4960326,"GSE162807 (SNI, spinal)",Top 25%,18.3986041101202
GSM4960326,"GSE162807 (SNI, spinal)",k-means 2C,19.261341605273362
GSM4960327,"GSE162807 (SNI, spinal)",Label,42.09827357237716
GSM4960327,"GSE162807 (SNI, spinal)",Top 25%,35.204636001448755
GSM4960327,"GSE162807 (SNI, spinal)",k-means 2C,36.60509477242545
GSM4960328,"GSE162807 (SNI, spinal)",Label,40.91715976331361
GSM4960328,"GSE162807 (SNI, spinal)",Top 25%,35.404339250493095
GSM4960328,"GSE162807 (SNI, spinal)",k-means 2C,36.51873767258383
GSM4960329,"GSE162807 (SNI, spinal)",Label,35.616227055375596
GSM4960329,"GSE162807 (SNI, spinal)",Top 25%,29.15316982878297
GSM4960329,"GSE162807 (SNI, spinal)",k-means 2C,30.27919173222274
GSM4960330,"GSE162807 (SNI, spinal)",Label,23.680529060155155
GSM4960330,"GSE162807 (SNI, spinal)",Top 25%,19.48365763703421
GSM4960330,"GSE162807 (SNI, spinal)",k-means 2C,20.259442960702025
A_Uninj,GSE172167,Label,3.1331592689295036
A_Uninj,GSE172167,Top 25%,1.8276762402088773
A_Uninj,GSE172167,k-means 2C,12.793733681462141
B_1dpi,GSE172167,Label,15.581854043392504
B_1dpi,GSE172167,Top 25%,11.439842209072978
B_1dpi,GSE172167,k-means 2C,35.8974358974359
C_1wpi,GSE172167,Label,30.122950819672127
C_1wpi,GSE172167,Top 25%,25.273224043715846
C_1wpi,GSE172167,k-means 2C,55.396174863387984
D_3wpi,GSE172167,Label,37.79576587795766
D_3wpi,GSE172167,Top 25%,31.63138231631382
D_3wpi,GSE172167,k-means 2C,62.57783312577833
E_6wpi,GSE172167,Label,35.41666666666667
E_6wpi,GSE172167,Top 25%,30.153508771929825
E_6wpi,GSE172167,k-means 2C,54.824561403508774
